userId,name,address
test1@example.com,user1,西源大道1号
test2@example.com,user2,西源大道2号
test3@example.com,user3,西源大道3号
test4@example.com,user4,西源大道4号
test5@example.com,user5,西源大道5号
test6@example.com,user6,西源大道6号
test7@example.com,user7,西源大道7
test8@example.com,user8,西源大道8
test9@example.com,user9,西源大道9
test10@example.com,user10,西源大道10
test11@example.com,user11,西源大道11
test12@example.com,user12,西源大道12
test13@example.com,user13,西源大道13
test14@example.com,user14,西源大道14
test15@example.com,user15,西源大道15
test16@example.com,user16,西源大道16
test17@example.com,user17,西源大道17
test18@example.com,user18,西源大道18
test19@aa.com,user19,西源大道19
test20@bb.com,user20,西源大道20
test21@a.b,user21,西源大道21
test22@c.d,user22,西源大道22
t23@j.k,user23,西源大道23
t24@a.e,user24,西源大道24
t25@j.y,user25,西源大道25
t26@lk.jf,user26,西源大道26
t27@ik.jf,user27,西源大道27
t28@ja.ww,user28,西源大道28
t29@aa.jl,user29,西源大道29
t30@jli.asd,user30,西源大道30
